PRAGMA foreign_keys=OFF;
BEGIN TRANSACTION;
CREATE TABLE muComposer (
    composer TEXT PRIMARY KEY,
    description TEXT NOT NULL
    ) WITHOUT ROWID;
INSERT INTO "muComposer" VALUES('AbtF','F. Abt (1819–1885)');
INSERT INTO "muComposer" VALUES('AdamA','A. Adam (1803–1856)');
INSERT INTO "muComposer" VALUES('AdamsS','S. Adams (1844–1913)');
INSERT INTO "muComposer" VALUES('AguadoD','D. Aguado (1784–1849)');
INSERT INTO "muComposer" VALUES('AlbenizIMF','I. M. F. Albéniz (1860–1909)');
INSERT INTO "muComposer" VALUES('AlkanCV','C.-V. Alkan (1813–1888)');
INSERT INTO "muComposer" VALUES('AlyabyevA','A. Alyabyev (1787–1851)');
INSERT INTO "muComposer" VALUES('AmendolaA','A. Amendola (?–?)');
INSERT INTO "muComposer" VALUES('AndreJ','J. André (1741–1799)');
INSERT INTO "muComposer" VALUES('Anonymous','Anonymous');
INSERT INTO "muComposer" VALUES('ArbanJB','J.-B. Arban (1825–1889)');
INSERT INTO "muComposer" VALUES('ArbeauT','T. Arbeau (1519–1595)');
INSERT INTO "muComposer" VALUES('ArchangelskyA','A. Archangelsky (1846–1924)');
INSERT INTO "muComposer" VALUES('AriostiOA','O. A. Ariosti (1666–1729)');
INSERT INTO "muComposer" VALUES('ArneT','T. Arne (1710–1788)');
INSERT INTO "muComposer" VALUES('AscherJ','J. Ascher (1829–1869)');
INSERT INTO "muComposer" VALUES('BachCPE','C. P. E. Bach (1714–1788)');
INSERT INTO "muComposer" VALUES('BachJS','J. S. Bach (1685–1750)');
INSERT INTO "muComposer" VALUES('BainJLM','J. L. M. Bain (c.1840–1925)');
INSERT INTO "muComposer" VALUES('BaltzarT','T. Baltzar (c.1631–1663)');
INSERT INTO "muComposer" VALUES('BanchieriA','A. Banchieri (c.1567–1634)');
INSERT INTO "muComposer" VALUES('BanisterJ','J. Banister (c.1624–1679)');
INSERT INTO "muComposer" VALUES('BanksJK','J. K. Banks (1987–)');
INSERT INTO "muComposer" VALUES('BarbellaE','E. Barbella (1718–1777)');
INSERT INTO "muComposer" VALUES('BeethovenLv','L. V. Beethoven (1770–1827)');
INSERT INTO "muComposer" VALUES('BendaJA','J. A. Benda (1722–1795)');
INSERT INTO "muComposer" VALUES('BenoitP','P. Benoit (1834–1901)');
INSERT INTO "muComposer" VALUES('BishopHR','H. R. Bishop (1786–1855)');
INSERT INTO "muComposer" VALUES('BizetG','G. Bizet (1838–1875)');
INSERT INTO "muComposer" VALUES('BlakeB','B. Blake (1751–1827)');
INSERT INTO "muComposer" VALUES('BlissPP','P. P. Bliss (1838–1876)');
INSERT INTO "muComposer" VALUES('BlumenthalJ','J. Blumenthal (1829–1908)');
INSERT INTO "muComposer" VALUES('BoismortierJBd','J. B. de Boismortier (1689–1755)');
INSERT INTO "muComposer" VALUES('BortnianskyD','D. Bortniansky (1751–1825)');
INSERT INTO "muComposer" VALUES('BourgeoisL','L. Bourgeois (c.1510–1560)');
INSERT INTO "muComposer" VALUES('BradburyWB','W. B. Bradbury (1816–1868)');
INSERT INTO "muComposer" VALUES('BrahmsJ','J. Brahms (1833–1897)');
INSERT INTO "muComposer" VALUES('BreyC','C. Brey (1954–)');
INSERT INTO "muComposer" VALUES('BrownCJ','C. J. Brown (1947–)');
INSERT INTO "muComposer" VALUES('BruchM','M. Bruch (1838–1920)');
INSERT INTO "muComposer" VALUES('BrucknerA','A. Bruckner (1824–1896)');
INSERT INTO "muComposer" VALUES('BurgmullerJFF','J. F. F. Burgmüller (1806–1874)');
INSERT INTO "muComposer" VALUES('BuxtehudeD','D. Buxtehude (c.1637–1707)');
INSERT INTO "muComposer" VALUES('CarcassiM','M. Carcassi (1792–1853)');
INSERT INTO "muComposer" VALUES('CareyH','H. Carey (1687?–1743)');
INSERT INTO "muComposer" VALUES('CarulliF','F. Carulli (1770–1841)');
INSERT INTO "muComposer" VALUES('CaudiosoD','D. Caudioso (17??–?)');
INSERT INTO "muComposer" VALUES('CavalliniE','E. Cavallini (1807–1874)');
INSERT INTO "muComposer" VALUES('CecereC','C. Cecere (1706–1761)');
INSERT INTO "muComposer" VALUES('CeresiniG','G. Ceresini (1584–1659)');
INSERT INTO "muComposer" VALUES('ChabrierEA','E. A. Chabrier (1841–1894)');
INSERT INTO "muComposer" VALUES('CharpentierMA','M.-A. Charpentier (1643–1704)');
INSERT INTO "muComposer" VALUES('ChopinFF','F. F. Chopin (1810–1849)');
INSERT INTO "muComposer" VALUES('Claribel','Claribel [C. A. Barnard (1830–1869)]');
INSERT INTO "muComposer" VALUES('ClarkFS','F. S. Clark (1840–1883)');
INSERT INTO "muComposer" VALUES('ClementiM','M. Clementi (1752–1832)');
INSERT INTO "muComposer" VALUES('CocchiG','G. Cocchi (1712–1796)');
INSERT INTO "muComposer" VALUES('ComeauO','O. Comeau (1924–1971)');
INSERT INTO "muComposer" VALUES('CorelliA','A. Corelli (1653–1713)');
INSERT INTO "muComposer" VALUES('CorneliusP','P. Cornelius (1824–1874)');
INSERT INTO "muComposer" VALUES('CosteN','N. Coste (1805–1883)');
INSERT INTO "muComposer" VALUES('CouperinF','F. Couperin (1668–1733)');
INSERT INTO "muComposer" VALUES('CroftW','W. Croft (1678–1727)');
INSERT INTO "muComposer" VALUES('CrottiA','Arcangelo Crotti (15??–1606)');
INSERT INTO "muComposer" VALUES('CrugerJ','J. Cruger (1598–1662)');
INSERT INTO "muComposer" VALUES('CzernyC','C. Czerny (1791–1857)');
INSERT INTO "muComposer" VALUES('DandrieuJ','J.-F. Dandrieu (1681–1738)');
INSERT INTO "muComposer" VALUES('DebussyC','C. Debussy (1862–1918)');
INSERT INTO "muComposer" VALUES('DelmetP','P. Delmet (1862–1904)');
INSERT INTO "muComposer" VALUES('DevienneF','F. Devienne (1759–1803)');
INSERT INTO "muComposer" VALUES('DiabelliA','A. Diabelli (1781–1858)');
INSERT INTO "muComposer" VALUES('DickinsonCJ','C. J. Dickinson (1822–1883)');
INSERT INTO "muComposer" VALUES('DoaneWH','W. H. Doane (1832–1915)');
INSERT INTO "muComposer" VALUES('DonizettiG','G. Donizetti (1797–1848)');
INSERT INTO "muComposer" VALUES('DoonanSC','S. C. Doonan (1952–)');
INSERT INTO "muComposer" VALUES('DowlandJ','J. Dowland (1563–1626)');
INSERT INTO "muComposer" VALUES('DukasP','P. Dukas (1865–1935)');
INSERT INTO "muComposer" VALUES('DussekJL','J. L. Dussek (1760–1812)');
INSERT INTO "muComposer" VALUES('DuyseFv','F. Van Duyse (1843–1910)');
INSERT INTO "muComposer" VALUES('DvorakA','A. Dvořák (1841–1904)');
INSERT INTO "muComposer" VALUES('DykesJB','J. B. Dykes (1823–1876)');
INSERT INTO "muComposer" VALUES('EcclesH','H. Eccles (1670–1742)');
INSERT INTO "muComposer" VALUES('ElgarE','E. Elgar (1857–1934)');
INSERT INTO "muComposer" VALUES('EllorJ','J. Ellor (1819–1899)');
INSERT INTO "muComposer" VALUES('ElveyGJ','G. J. Elvey (1816–1893)');
INSERT INTO "muComposer" VALUES('EmmettDD','D. D. Emmett (1815–1904)');
INSERT INTO "muComposer" VALUES('FarinelM','M. Farinel (1649–1726)');
INSERT INTO "muComposer" VALUES('FaureG','G. Fauré (1845–1924)');
INSERT INTO "muComposer" VALUES('FischerJKF','J. K. F. Fischer (1665–1746)');
INSERT INTO "muComposer" VALUES('FosterSC','S. C. Foster (1826–1864)');
INSERT INTO "muComposer" VALUES('FranckC','C. Franck (1822–1890)');
INSERT INTO "muComposer" VALUES('FranzR','R. Franz (1815–1862)');
INSERT INTO "muComposer" VALUES('FriedrichII','Friedrich II of Prussia (1712–1786)');
INSERT INTO "muComposer" VALUES('FrobergerJJ','J. J. Froberger (1616–1667)');
INSERT INTO "muComposer" VALUES('FuchsR','R. Fuchs (1847–1927)');
INSERT INTO "muComposer" VALUES('GabelloneG','G. Gabellone (1727–1796)');
INSERT INTO "muComposer" VALUES('GalileiV','V. Galilei (1520–1591)');
INSERT INTO "muComposer" VALUES('GastoldiG','G. Gastoldi (1556–1622)');
INSERT INTO "muComposer" VALUES('GauntlettHJ','H. J. Gauntlett (1805–1876)');
INSERT INTO "muComposer" VALUES('GershwinG','G. Gershwin (1898–1937)');
INSERT INTO "muComposer" VALUES('GervasioGB','G. B. Gervasio (c.1725–c.1785)');
INSERT INTO "muComposer" VALUES('GesualdoC','C. Gesualdo (1566–1613)');
INSERT INTO "muComposer" VALUES('GiardiniFd','Felice de Giardini (1716–1796)');
INSERT INTO "muComposer" VALUES('GibbonsO','O. Gibbons (1583–1625)');
INSERT INTO "muComposer" VALUES('GigoutE','E. Gigout (1844–1925)');
INSERT INTO "muComposer" VALUES('GiordanoG','G. Giordano (1748–1798)');
INSERT INTO "muComposer" VALUES('GiulianiM','M. Giuliani (1781–1829)');
INSERT INTO "muComposer" VALUES('GiulianoG','G. Giuliano (c.1750)');
INSERT INTO "muComposer" VALUES('GlaserCG','C. G. Glaser (1784–1829)');
INSERT INTO "muComposer" VALUES('GlazunovA','A. Glazunov (1865–1936)');
INSERT INTO "muComposer" VALUES('GloverCW','C. W. Glover (1797–1868)');
INSERT INTO "muComposer" VALUES('GossJ','J. Goss (1800–1880)');
INSERT INTO "muComposer" VALUES('GossecFJ','F.-J. Gossec (1734–1829)');
INSERT INTO "muComposer" VALUES('GottschalkLM','L. M. Gottschalk (1829–1869)');
INSERT INTO "muComposer" VALUES('GounodC','C. Gounod (1818–1893)');
INSERT INTO "muComposer" VALUES('GrandiA','A. Grandi (1577–1630)');
INSERT INTO "muComposer" VALUES('GreatorexHW','H. W. Greatorex (1816–1853)');
INSERT INTO "muComposer" VALUES('GreiterM','M. Greiter (1500–1552)');
INSERT INTO "muComposer" VALUES('GriegE','E. Grieg (1843–1907)');
INSERT INTO "muComposer" VALUES('GrignyNd','N. de Grigny (1672–1703)');
INSERT INTO "muComposer" VALUES('GruberFX','F. X. Gruber (1787–1863)');
INSERT INTO "muComposer" VALUES('HandelGF','G. F. Handel (1685–1759)');
INSERT INTO "muComposer" VALUES('HanonCL','C. L. Hanon');
INSERT INTO "muComposer" VALUES('HasseJA','J. A. Hasse (1699–1783)');
INSERT INTO "muComposer" VALUES('HastingsT','T. Hastings (1784–1872)');
INSERT INTO "muComposer" VALUES('HattonJ','J. Hatton (?–1793)');
INSERT INTO "muComposer" VALUES('HaydnFJ','F. J. Haydn (1732–1809)');
INSERT INTO "muComposer" VALUES('HaydnJM','J. M. Haydn (1737–1806)');
INSERT INTO "muComposer" VALUES('HildachE','E. Hildach (1849–1924)');
INSERT INTO "muComposer" VALUES('HolstGT','G. T. Holst (1874–1934)');
INSERT INTO "muComposer" VALUES('HoretzkyF','F. Horetzky (1796–1870)');
INSERT INTO "muComposer" VALUES('HorsleyCE','C. E. Horsley (1822–1876)');
INSERT INTO "muComposer" VALUES('HughesJ','J. Hughes (1873–1932)');
INSERT INTO "muComposer" VALUES('HullahJ','J. Hullah (1812–1884)');
INSERT INTO "muComposer" VALUES('HumperdinckE','E. Humperdinck (1873–1916)');
INSERT INTO "muComposer" VALUES('HunterC','C. Hunter (1876–1906)');
INSERT INTO "muComposer" VALUES('IlievGK','G. K. Iliev (1977–)');
INSERT INTO "muComposer" VALUES('InallsJ','J. Inalls (1764–1828)');
INSERT INTO "muComposer" VALUES('Ippolitov-IvanovM','M. Ippolitov-Ivanov (1859–1935)');
INSERT INTO "muComposer" VALUES('JamesJ','J. James (1833–1902)');
INSERT INTO "muComposer" VALUES('JanequinC','C. Janequin (c.1485–1558)');
INSERT INTO "muComposer" VALUES('JapartJ','J. Japart (fl. 1474–1507)');
INSERT INTO "muComposer" VALUES('JarmanT','T. Jarman (1776–1861)');
INSERT INTO "muComposer" VALUES('JeffreysJ','J. Jeffreys (1718–1798)');
INSERT INTO "muComposer" VALUES('JohnsonD','D. Johnson (?–)');
INSERT INTO "muComposer" VALUES('JolyD','D. Joly (?–1879)');
INSERT INTO "muComposer" VALUES('JoplinS','S. Joplin (1868–1917)');
INSERT INTO "muComposer" VALUES('JudeWH','W. H. Jude (1851–1922)');
INSERT INTO "muComposer" VALUES('KiallmarkGF','G. F. Kiallmark (1804–1887)');
INSERT INTO "muComposer" VALUES('KnappPP','P. P. Knapp (1839–1908)');
INSERT INTO "muComposer" VALUES('KnjzeF','F. Knjze (1784–1840)');
INSERT INTO "muComposer" VALUES('KocherC','C. Kocher (1786–1872)');
INSERT INTO "muComposer" VALUES('KoenigJB','J. B. Koenig (1691–1758)');
INSERT INTO "muComposer" VALUES('KoppraschG','G. Kopprasch (c.1800–c.1833)');
INSERT INTO "muComposer" VALUES('KopylovA','A. Kopylov (1854–1911)');
INSERT INTO "muComposer" VALUES('Kruetzer','Kruetzer (?–?)');
INSERT INTO "muComposer" VALUES('KuffnerJ','J. Küffner (1776–1856)');
INSERT INTO "muComposer" VALUES('KuhlauF','F. Kuhlau (1786–1832)');
INSERT INTO "muComposer" VALUES('KuhnauJ','J. Kuhnau (1660–1722)');
INSERT INTO "muComposer" VALUES('KuhnelA','A. Kuhnel (1645–1700)');
INSERT INTO "muComposer" VALUES('KumarR','R. Kumar (1988–)');
INSERT INTO "muComposer" VALUES('LaloE','E. Lalo (1823–1892)');
INSERT INTO "muComposer" VALUES('LassusOd','O. de Lassus (1530 or 1532–1594)');
INSERT INTO "muComposer" VALUES('LaubF','F. Laub (1832–1875)');
INSERT INTO "muComposer" VALUES('LeoL','L. Leo (1694–1744)');
INSERT INTO "muComposer" VALUES('LisztF','F. Liszt (1811–1886)');
INSERT INTO "muComposer" VALUES('LottiA','A. Lotti (c.1667–1740)');
INSERT INTO "muComposer" VALUES('LowryR','R. Lowry (1826–1899)');
INSERT INTO "muComposer" VALUES('LullyJB','J. B. Lully (1632–1687)');
INSERT INTO "muComposer" VALUES('LutherM','M. Luther (1483–1546)');
INSERT INTO "muComposer" VALUES('MagnenatS','S. Magnenat (1980–)');
INSERT INTO "muComposer" VALUES('MajorJ','J. Major (?–?)');
INSERT INTO "muComposer" VALUES('ManciniF','F. Mancini (1672–1737)');
INSERT INTO "muComposer" VALUES('MannAH','A. H. Mann (1850–1929)');
INSERT INTO "muComposer" VALUES('MarcelloB','B. Marcello (1686–1739)');
INSERT INTO "muComposer" VALUES('MarenzioL','L. Marenzio (1553?–1599)');
INSERT INTO "muComposer" VALUES('MarshSB','S. B. Marsh (1798–1875)');
INSERT INTO "muComposer" VALUES('MartiniGB','G. B. Martini (1706–1784)');
INSERT INTO "muComposer" VALUES('MasonL','L. Mason (1792–1872)');
INSERT INTO "muComposer" VALUES('MatiegkaWT','W. T. Matiegka (1773–1830)');
INSERT INTO "muComposer" VALUES('MehulEN','E. N. Méhul (1763–1817)');
INSERT INTO "muComposer" VALUES('Mendelssohn-BartholdyF','F. Mendelssohn-Bartholdy (1809–1847)');
INSERT INTO "muComposer" VALUES('MercadanteS','S. Mercadante (1795–1870)');
INSERT INTO "muComposer" VALUES('MertzJK','J. K. Mertz (1806–1856)');
INSERT INTO "muComposer" VALUES('MessiterAH','A. H. Messiter (1834–1916)');
INSERT INTO "muComposer" VALUES('MethfesselA','A. Methfessel (1785–1869)');
INSERT INTO "muComposer" VALUES('MilanL','L. Milan (1536–1561)');
INSERT INTO "muComposer" VALUES('MinkusLA','L. A. Minkus (1826–1917)');
INSERT INTO "muComposer" VALUES('MonkWH','W. H. Monk (1823–1889)');
INSERT INTO "muComposer" VALUES('MontePd','P. de Monte (1521–1603)');
INSERT INTO "muComposer" VALUES('MonteverdiC','C. Monteverdi (1567–1643)');
INSERT INTO "muComposer" VALUES('MooreT','T. Moore (1779–1833)');
INSERT INTO "muComposer" VALUES('MorelandC','C. Moreland (?–?)');
INSERT INTO "muComposer" VALUES('MozartWA','W. A. Mozart (1756–1791)');
INSERT INTO "muComposer" VALUES('MuellerAE','A. E. Müller (1767–1817)');
INSERT INTO "muComposer" VALUES('MuellerW','W. Müller (1767–1835)');
INSERT INTO "muComposer" VALUES('MuffatG','G. Muffat (1653–1704)');
INSERT INTO "muComposer" VALUES('MullenJW','J. W. Mullen (?–?)');
INSERT INTO "muComposer" VALUES('MurrayJR','J. R. Murray (1841–1905)');
INSERT INTO "muComposer" VALUES('MussorgskyM','M. Mussorgsky (1839–1881)');
INSERT INTO "muComposer" VALUES('NaujalisJ','J. Naujalis (1869–1934)');
INSERT INTO "muComposer" VALUES('NeithardtA','A. Neithardt (1793–1861)');
INSERT INTO "muComposer" VALUES('NeumarkG','G. Neumark (1621–1681)');
INSERT INTO "muComposer" VALUES('NicolaiP','P. Nicolai (?–?)');
INSERT INTO "muComposer" VALUES('NielsenCA','C. A. Nielsen (1865–1931)');
INSERT INTO "muComposer" VALUES('PachelbelJ','J. Pachelbel (1653–1706)');
INSERT INTO "muComposer" VALUES('PaganiniN','N. Paganini (1782–1840)');
INSERT INTO "muComposer" VALUES('PapezikR','R. Papezik (1974–)');
INSERT INTO "muComposer" VALUES('PeaceAL','A. L. Peace (1844–1912)');
INSERT INTO "muComposer" VALUES('PeaseAH','A. H. Pease (1838–1882)');
INSERT INTO "muComposer" VALUES('PejacsevichD','D. Pejacsevich (1885–1923)');
INSERT INTO "muComposer" VALUES('PergolesiGB','G. B. Pergolesi (1710–1736)');
INSERT INTO "muComposer" VALUES('PezeliusJ','J. Pezelius (1639–1694)');
INSERT INTO "muComposer" VALUES('PleyelIJ','I. J. Pleyel (1757–1831)');
INSERT INTO "muComposer" VALUES('PorporaN','N. Porpora (1686–1768)');
INSERT INTO "muComposer" VALUES('Powlwheel','Mr. Powlwheel (?–?)');
INSERT INTO "muComposer" VALUES('PresJd','J. des Prés (c.1440–1521)');
INSERT INTO "muComposer" VALUES('PriuliG','G. Priuli (15??–16??)');
INSERT INTO "muComposer" VALUES('PurcellH','H. Purcell (1658–1695)');
INSERT INTO "muComposer" VALUES('QuantzJJ','J. J. Quantz (1697–1773)');
INSERT INTO "muComposer" VALUES('RachmaninoffS','S. Rachmaninoff (1873–1943)');
INSERT INTO "muComposer" VALUES('RameauJP','J. P. Rameau (1683–1764)');
INSERT INTO "muComposer" VALUES('Reddings','Mr. Reddings (?–?)');
INSERT INTO "muComposer" VALUES('RednerLH','L. H. Redner (1830–1908)');
INSERT INTO "muComposer" VALUES('RegerM','M. Reger (1873–1916)');
INSERT INTO "muComposer" VALUES('RiedingO','O. Rieding (1840–1918)');
INSERT INTO "muComposer" VALUES('RiesF','F. Ries (1784–1838)');
INSERT INTO "muComposer" VALUES('Rimsky-KorsakovN','N. Rimsky-Korsakov (1844–1908)');
INSERT INTO "muComposer" VALUES('RitterC','C. Ritter (1645?–1725?)');
INSERT INTO "muComposer" VALUES('RoberdayF','F. Roberday (1624–1680)');
INSERT INTO "muComposer" VALUES('RollaA','A. Rolla (1757–1841)');
INSERT INTO "muComposer" VALUES('RootGF','G. F. Root (1820–1895)');
INSERT INTO "muComposer" VALUES('RossiniG','G. Rossini (1792–1868)');
INSERT INTO "muComposer" VALUES('RougetdeLisleCJ','C. J. Rouget de Lisle (1760–1836)');
INSERT INTO "muComposer" VALUES('RoyerJNP','J.-N.-P. Royer (1705–1755)');
INSERT INTO "muComposer" VALUES('RudorffE','E. Rudorff (1840–1916)');
INSERT INTO "muComposer" VALUES('Saint-SaensC','C. Saint-Saëns (1835–1921)');
INSERT INTO "muComposer" VALUES('SancesGF','G. F. Sances (1600–1679)');
INSERT INTO "muComposer" VALUES('SanzG','G. Sanz (1640–1710)');
INSERT INTO "muComposer" VALUES('SardainL','L. Sardain (1979–)');
INSERT INTO "muComposer" VALUES('SatieE','E. Satie (1866–1925)');
INSERT INTO "muComposer" VALUES('ScarlattiD','D. Scarlatti (1685–1757)');
INSERT INTO "muComposer" VALUES('ScheidemannH','H. Scheidemann (c.1595–1663)');
INSERT INTO "muComposer" VALUES('SchmelzerJH','J. H. Schmelzer (c.1623–1680)');
INSERT INTO "muComposer" VALUES('SchopJ','J. Schop (c.1590–c.1665)');
INSERT INTO "muComposer" VALUES('SchreckG','G. Schreck (1849–1918)');
INSERT INTO "muComposer" VALUES('SchubertF','F. Schubert (1797–1828)');
INSERT INTO "muComposer" VALUES('SchulzJAP','J. A. P. Schulz (1747–1800)');
INSERT INTO "muComposer" VALUES('SchumannR','R. Schumann (1810–1856)');
INSERT INTO "muComposer" VALUES('ScottCHF','C. H. F. Scott (1841–1897)');
INSERT INTO "muComposer" VALUES('ScriabinA','A. Scriabin (1872–1915)');
INSERT INTO "muComposer" VALUES('SherwinWF','W. F. Sherwin (1826–1888)');
INSERT INTO "muComposer" VALUES('SidwellA','A. Sidwell (1989–)');
INSERT INTO "muComposer" VALUES('SilcherF','F. Silcher (1789–1860)');
INSERT INTO "muComposer" VALUES('SittH','H. Sitt (1850–1922)');
INSERT INTO "muComposer" VALUES('SmartHT','H. T. Smart (1813–1879)');
INSERT INTO "muComposer" VALUES('SorF','F. Sor (1778–1839)');
INSERT INTO "muComposer" VALUES('SousaJP','J. P. Sousa (1854–1932)');
INSERT INTO "muComposer" VALUES('Spagnoletti','Spagnoletti (?–?)');
INSERT INTO "muComposer" VALUES('SpeerD','D. Speer (1636–1707)');
INSERT INTO "muComposer" VALUES('SpohrL','L. Spohr (1784–1859)');
INSERT INTO "muComposer" VALUES('StainerJ','J. Stainer (1840–1901)');
INSERT INTO "muComposer" VALUES('StanchinskyAV','A. V. Stanchinsky (1888–1914)');
INSERT INTO "muComposer" VALUES('StraussF','F. Strauss (1822–1905)');
INSERT INTO "muComposer" VALUES('StraussJJ','J. Strauss Jr. (1825–1899)');
INSERT INTO "muComposer" VALUES('SullivanA','A. Sullivan (1842–1900)');
INSERT INTO "muComposer" VALUES('SuterH','H. Suter (1870–1926)');
INSERT INTO "muComposer" VALUES('SzervacA','A. Szervác (1973–)');
INSERT INTO "muComposer" VALUES('TallisT','T. Tallis (1510–1585)');
INSERT INTO "muComposer" VALUES('TarregaF','F. Tarrega (1852–1909)');
INSERT INTO "muComposer" VALUES('TchaikovskyPI','P. I. Tchaikovsky (1840–1893)');
INSERT INTO "muComposer" VALUES('TelemannGP','G. P. Telemann (1681–1767)');
INSERT INTO "muComposer" VALUES('TeschnerM','M. Teschner (1584–1635)');
INSERT INTO "muComposer" VALUES('TiddemanM','M. Tiddeman (1837–1909)');
INSERT INTO "muComposer" VALUES('TitelouzeJ','J. Titelouze (1563–1633)');
INSERT INTO "muComposer" VALUES('TourjeeLE','L. E. Tourjee (1858–1913)');
INSERT INTO "muComposer" VALUES('TownerDB','D. B. Towner (1833–1896)');
INSERT INTO "muComposer" VALUES('Traditional','Traditional');
INSERT INTO "muComposer" VALUES('TurpinT','T. Turpin (1873–1922)');
INSERT INTO "muComposer" VALUES('UgolinoV','V. Ugolino (?–?)');
INSERT INTO "muComposer" VALUES('Unknown','Unknown');
INSERT INTO "muComposer" VALUES('ValentiniG','G. Valentini (1582/83–1649)');
INSERT INTO "muComposer" VALUES('ValvasensiLG','L. G. Valvasensi (1585–1661)');
INSERT INTO "muComposer" VALUES('VeliumovA','A. Veliumov (?–?)');
INSERT INTO "muComposer" VALUES('VerdiG','G. Verdi (1813–1901)');
INSERT INTO "muComposer" VALUES('VictoriaTLd','T. L. de Victoria (1549–1611)');
INSERT INTO "muComposer" VALUES('VidalPA','P. A. Vidal (1863–1931)');
INSERT INTO "muComposer" VALUES('VinciL','L. Vinci (1690–1730)');
INSERT INTO "muComposer" VALUES('VitaliF','F. Vitali (ca. 1599–1653)');
INSERT INTO "muComposer" VALUES('VivaldiA','A. Vivaldi (1678–1741)');
INSERT INTO "muComposer" VALUES('VolkmannR','R. Volkmann (1815–1883)');
INSERT INTO "muComposer" VALUES('WadeJF','J. F. Wade (1711–1786)');
INSERT INTO "muComposer" VALUES('WanhalJ','J. Wanhal (1739–1813)');
INSERT INTO "muComposer" VALUES('WeckmannM','M. Weckmann (1621–1674)');
INSERT INTO "muComposer" VALUES('WeelkesT','T. Weelkes (1576–1623)');
INSERT INTO "muComposer" VALUES('WernerH','H. Werner (1800–1833)');
INSERT INTO "muComposer" VALUES('WidorC','C. Widor (1845–1937)');
INSERT INTO "muComposer" VALUES('WilliamsR','R. Williams (1782–1818)');
INSERT INTO "muComposer" VALUES('WilliamsRH','R. H. Williams (1805–1876)');
INSERT INTO "muComposer" VALUES('WillisRS','R. S. Willis (1819–1900)');
INSERT INTO "muComposer" VALUES('WittCF','C. F. Witt (1660–1716)');
INSERT INTO "muComposer" VALUES('WorrallH','H. Worrall (1825–1902)');
INSERT INTO "muComposer" VALUES('WyethJ','J. Wyeth (1770–1858)');
INSERT INTO "muComposer" VALUES('Yaniewicz','Yaniewicz (1762–1848)');
INSERT INTO "muComposer" VALUES('ZanoniM','M. Zanoni (1964–)');
CREATE TABLE muStyle (
    style TEXT PRIMARY KEY,
    in_mutopia INTEGER DEFAULT(0)
) WITHOUT ROWID;
INSERT INTO "muStyle" VALUES('Baroque',1);
INSERT INTO "muStyle" VALUES('Classical',1);
INSERT INTO "muStyle" VALUES('Folk',1);
INSERT INTO "muStyle" VALUES('Gospel',1);
INSERT INTO "muStyle" VALUES('Hymn',1);
INSERT INTO "muStyle" VALUES('Jazz',1);
INSERT INTO "muStyle" VALUES('March',1);
INSERT INTO "muStyle" VALUES('Modern',1);
INSERT INTO "muStyle" VALUES('Popular / Dance',1);
INSERT INTO "muStyle" VALUES('Renaissance',1);
INSERT INTO "muStyle" VALUES('Romantic',1);
INSERT INTO "muStyle" VALUES('Song',1);
INSERT INTO "muStyle" VALUES('Technique',1);
INSERT INTO "muStyle" VALUES('Unknown',1);
CREATE TABLE muInstrument (
    instrument TEXT PRIMARY KEY,
    in_mutopia INTEGER DEFAULT(0) -- true if in instruments.dat
) WITHOUT ROWID;
INSERT INTO "muInstrument" VALUES('Accordion',1);
INSERT INTO "muInstrument" VALUES('Bagpipe',1);
INSERT INTO "muInstrument" VALUES('Baritone',0);
INSERT INTO "muInstrument" VALUES('Basso',1);
INSERT INTO "muInstrument" VALUES('Bassoon',1);
INSERT INTO "muInstrument" VALUES('Bell',0);
INSERT INTO "muInstrument" VALUES('Bells',0);
INSERT INTO "muInstrument" VALUES('Brass',1);
INSERT INTO "muInstrument" VALUES('Cello',1);
INSERT INTO "muInstrument" VALUES('Choir',0);
INSERT INTO "muInstrument" VALUES('Clarinet',1);
INSERT INTO "muInstrument" VALUES('Clavichord',0);
INSERT INTO "muInstrument" VALUES('Clavier',0);
INSERT INTO "muInstrument" VALUES('Continuo',0);
INSERT INTO "muInstrument" VALUES('Cornet',0);
INSERT INTO "muInstrument" VALUES('Cornett',0);
INSERT INTO "muInstrument" VALUES('Cornettino',0);
INSERT INTO "muInstrument" VALUES('Double',1);
INSERT INTO "muInstrument" VALUES('Doublebass',0);
INSERT INTO "muInstrument" VALUES('Drum',0);
INSERT INTO "muInstrument" VALUES('Euphonium',0);
INSERT INTO "muInstrument" VALUES('Flute',1);
INSERT INTO "muInstrument" VALUES('Glockenspiel',0);
INSERT INTO "muInstrument" VALUES('Guitar',1);
INSERT INTO "muInstrument" VALUES('Harmonium',1);
INSERT INTO "muInstrument" VALUES('Harp',1);
INSERT INTO "muInstrument" VALUES('Harpsichord',1);
INSERT INTO "muInstrument" VALUES('Horn',1);
INSERT INTO "muInstrument" VALUES('Kettledrum',0);
INSERT INTO "muInstrument" VALUES('Koto',0);
INSERT INTO "muInstrument" VALUES('Lautenwerk',0);
INSERT INTO "muInstrument" VALUES('Lute',1);
INSERT INTO "muInstrument" VALUES('Mandolin',1);
INSERT INTO "muInstrument" VALUES('Oboe',1);
INSERT INTO "muInstrument" VALUES('Orchestra',1);
INSERT INTO "muInstrument" VALUES('Organ',1);
INSERT INTO "muInstrument" VALUES('Percussion',1);
INSERT INTO "muInstrument" VALUES('Piano',1);
INSERT INTO "muInstrument" VALUES('Pianoforte',0);
INSERT INTO "muInstrument" VALUES('Piccolo',0);
INSERT INTO "muInstrument" VALUES('Recorder',1);
INSERT INTO "muInstrument" VALUES('Saxophone',0);
INSERT INTO "muInstrument" VALUES('Shakuhachi',0);
INSERT INTO "muInstrument" VALUES('Shamisen',1);
INSERT INTO "muInstrument" VALUES('String',1);
INSERT INTO "muInstrument" VALUES('Theorbo',0);
INSERT INTO "muInstrument" VALUES('Timpani',1);
INSERT INTO "muInstrument" VALUES('Triangle',0);
INSERT INTO "muInstrument" VALUES('Trombone',1);
INSERT INTO "muInstrument" VALUES('Trumpet',1);
INSERT INTO "muInstrument" VALUES('Vihuela',0);
INSERT INTO "muInstrument" VALUES('Viol',1);
INSERT INTO "muInstrument" VALUES('Viola',1);
INSERT INTO "muInstrument" VALUES('Violin',1);
INSERT INTO "muInstrument" VALUES('Voice',1);
INSERT INTO "muInstrument" VALUES('Wind',1);
INSERT INTO "muInstrument" VALUES('Xylophone',0);
CREATE TABLE muGitMarker (
    _id INTEGER PRIMARY KEY,
    commit_sha TEXT,
    timestamp TIMESTAMP
);
CREATE TABLE muContributor (
    _id INTEGER PRIMARY KEY AUTOINCREMENT,
    name TEXT NOT NULL UNIQUE,
    email TEXT,
    url TEXT
);
CREATE TABLE muLicense (
    _id INTEGER PRIMARY KEY AUTOINCREMENT,
    name TEXT NOT NULL UNIQUE,
    url TEXT
);
INSERT INTO "muLicense" VALUES(0,'Unlicensed','http://example.com/unlicensed/');
INSERT INTO "muLicense" VALUES(1,'Public Domain','http://creativecommons.org/licenses/publicdomain/');
INSERT INTO "muLicense" VALUES(2,'Creative Commons Attribution 3.0','http://creativecommons.org/licenses/by/3.0/');
INSERT INTO "muLicense" VALUES(3,'Creative Commons Attribution-ShareAlike 3.0','http://creativecommons.org/licenses/by-sa/3.0/');
INSERT INTO "muLicense" VALUES(4,'Creative Commons Attribution-ShareAlike 2.5','http://creativecommons.org/licenses/by-sa/2.5/');
INSERT INTO "muLicense" VALUES(5,'Creative Commons Attribution-ShareAlike 2.0','http://creativecommons.org/licenses/by-sa/2.0/');
INSERT INTO "muLicense" VALUES(6,'Creative Commons Attribution 2.5','http://creativecommons.org/licenses/by/2.5/');
INSERT INTO "muLicense" VALUES(7,'Creative Commons Attribution-ShareAlike','http://creativecommons.org/licenses/by-sa/2.5/');
INSERT INTO "muLicense" VALUES(8,'Creative Commons Attribution 4.0','http://creativecommons.org/licenses/by/4.0/');
INSERT INTO "muLicense" VALUES(9,'Creative Commons Attribution-ShareAlike 4.0','http://creativecommons.org/licenses/by-sa/4.0/');
CREATE TABLE muVersion (
    _id INTEGER NOT NULL PRIMARY KEY,
    version TEXT NOT NULL UNIQUE,
    major INTEGER,
    minor INTEGER,
    edit TEXT
);
CREATE TABLE muPiece (
    _id INTEGER PRIMARY KEY,
    title TEXT NOT NULL,
    composer TEXT,
    style TEXT REFERENCES muStyle(style),
    raw_instrument TEXT,
    license_id INTEGER,
    maintainer_id INTEGER REFERENCES muContributor(_id),
    version_id INTEGER,
    opus TEXT,
    lyricist TEXT,
    date_composed TEXT,    -- Loose
    date_published TEXT,   -- Precise ISO8601 date (YYYY-MM-DD)
    source TEXT,
    moreinfo TEXT,
    FOREIGN KEY(composer) REFERENCES muComposer(composer),
    FOREIGN KEY(license_id) REFERENCES muLicense(_id),
    FOREIGN KEY(version_id)  REFERENCES muVersion (_id)
);
CREATE TABLE muRDFMap (
    _id INTEGER PRIMARY KEY AUTOINCREMENT,
    rdfspec TEXT UNIQUE,
    piece_id INTEGER REFERENCES muPiece(_id)
 );
INSERT INTO "muRDFMap" VALUES(1,'JeffreysJ/dyfrdwy/dyfrdwy.rdf',1033);
INSERT INTO "muRDFMap" VALUES(2,'LullyJB/LWV05/lwv05/lwv05.rdf',737);
CREATE TABLE muRawInstrumentMap (
    raw_instrument TEXT PRIMARY KEY,
    instrument TEXT,
    FOREIGN KEY(instrument) REFERENCES muInstrument(instrument)
) WITHOUT ROWID;
INSERT INTO "muRawInstrumentMap" VALUES('''cello','Cello');
INSERT INTO "muRawInstrumentMap" VALUES('altos','Voice');
INSERT INTO "muRawInstrumentMap" VALUES('bagpipes','Bagpipe');
INSERT INTO "muRawInstrumentMap" VALUES('baritono','Euphonium');
INSERT INTO "muRawInstrumentMap" VALUES('baryton','Baritone');
INSERT INTO "muRawInstrumentMap" VALUES('basses','Voice');
INSERT INTO "muRawInstrumentMap" VALUES('basset','Clarinet');
INSERT INTO "muRawInstrumentMap" VALUES('bassoons','Bassoon');
INSERT INTO "muRawInstrumentMap" VALUES('caccia','Oboe');
INSERT INTO "muRawInstrumentMap" VALUES('capella','Voice');
INSERT INTO "muRawInstrumentMap" VALUES('cappella','Voice');
INSERT INTO "muRawInstrumentMap" VALUES('castratos','Voice');
INSERT INTO "muRawInstrumentMap" VALUES('cellos','Cello');
INSERT INTO "muRawInstrumentMap" VALUES('cembalo','Harpsichord');
INSERT INTO "muRawInstrumentMap" VALUES('chor','Choir');
INSERT INTO "muRawInstrumentMap" VALUES('clarinets','Clarinet');
INSERT INTO "muRawInstrumentMap" VALUES('continue','Continuo');
INSERT INTO "muRawInstrumentMap" VALUES('contralt1','Voice');
INSERT INTO "muRawInstrumentMap" VALUES('contralto','Voice');
INSERT INTO "muRawInstrumentMap" VALUES('contre','Voice');
INSERT INTO "muRawInstrumentMap" VALUES('cornettinos','Cornettino');
INSERT INTO "muRawInstrumentMap" VALUES('cornetts','Cornet');
INSERT INTO "muRawInstrumentMap" VALUES('corno','Horn');
INSERT INTO "muRawInstrumentMap" VALUES('fagotto','Bassoon');
INSERT INTO "muRawInstrumentMap" VALUES('flauto','Flute');
INSERT INTO "muRawInstrumentMap" VALUES('flutes','Flute');
INSERT INTO "muRawInstrumentMap" VALUES('flûtes','Flute');
INSERT INTO "muRawInstrumentMap" VALUES('fünfstimmigen','Choir');
INSERT INTO "muRawInstrumentMap" VALUES('guitare','Guitar');
INSERT INTO "muRawInstrumentMap" VALUES('guitarre','Guitar');
INSERT INTO "muRawInstrumentMap" VALUES('guitars','Guitar');
INSERT INTO "muRawInstrumentMap" VALUES('harpischord','Harpsichord');
INSERT INTO "muRawInstrumentMap" VALUES('horns','Horn');
INSERT INTO "muRawInstrumentMap" VALUES('mandolins','Mandolin');
INSERT INTO "muRawInstrumentMap" VALUES('nfstimmigen','Choir');
INSERT INTO "muRawInstrumentMap" VALUES('oboa','Oboe');
INSERT INTO "muRawInstrumentMap" VALUES('oboes','Oboe');
INSERT INTO "muRawInstrumentMap" VALUES('orgue','Organ');
INSERT INTO "muRawInstrumentMap" VALUES('recorders','Recorder');
INSERT INTO "muRawInstrumentMap" VALUES('saatb','Voice');
INSERT INTO "muRawInstrumentMap" VALUES('satb','Voice');
INSERT INTO "muRawInstrumentMap" VALUES('sattb','Voice');
INSERT INTO "muRawInstrumentMap" VALUES('soprani','Voice');
INSERT INTO "muRawInstrumentMap" VALUES('sopranos','Voice');
INSERT INTO "muRawInstrumentMap" VALUES('ssaa','Voice');
INSERT INTO "muRawInstrumentMap" VALUES('ssaatb','Voice');
INSERT INTO "muRawInstrumentMap" VALUES('ssatb','Voice');
INSERT INTO "muRawInstrumentMap" VALUES('ssattb','Voice');
INSERT INTO "muRawInstrumentMap" VALUES('strings','');
INSERT INTO "muRawInstrumentMap" VALUES('taille','Oboe');
INSERT INTO "muRawInstrumentMap" VALUES('tailles','Oboe');
INSERT INTO "muRawInstrumentMap" VALUES('tamburo','Drum');
INSERT INTO "muRawInstrumentMap" VALUES('tenor','Voice');
INSERT INTO "muRawInstrumentMap" VALUES('tenore','Voice');
INSERT INTO "muRawInstrumentMap" VALUES('tenori','Voice');
INSERT INTO "muRawInstrumentMap" VALUES('tenors','Voice');
INSERT INTO "muRawInstrumentMap" VALUES('trombon','Trombone');
INSERT INTO "muRawInstrumentMap" VALUES('trombones','Trombone');
INSERT INTO "muRawInstrumentMap" VALUES('trumpets','Trumpet');
INSERT INTO "muRawInstrumentMap" VALUES('ttbb','Voice');
INSERT INTO "muRawInstrumentMap" VALUES('tttb','Voice');
INSERT INTO "muRawInstrumentMap" VALUES('violas','Viol');
INSERT INTO "muRawInstrumentMap" VALUES('viole','Viol');
INSERT INTO "muRawInstrumentMap" VALUES('violincello','Cello');
INSERT INTO "muRawInstrumentMap" VALUES('violine','Violin');
INSERT INTO "muRawInstrumentMap" VALUES('violini','Violin');
INSERT INTO "muRawInstrumentMap" VALUES('violino','Violin');
INSERT INTO "muRawInstrumentMap" VALUES('violins','Violin');
INSERT INTO "muRawInstrumentMap" VALUES('violon','Violin');
INSERT INTO "muRawInstrumentMap" VALUES('violoncello','Cello');
INSERT INTO "muRawInstrumentMap" VALUES('violone','Violin');
INSERT INTO "muRawInstrumentMap" VALUES('violons','Violin');
INSERT INTO "muRawInstrumentMap" VALUES('vocal','Voice');
INSERT INTO "muRawInstrumentMap" VALUES('voices','Voice');
INSERT INTO "muRawInstrumentMap" VALUES('voise','Voice');
CREATE TABLE muPieceInstrument (
    piece_id INTEGER,
    instrument TEXT,
    FOREIGN KEY(piece_id) REFERENCES muPiece(_id),
    FOREIGN KEY(instrument) REFERENCES muInstrument(instrument),
    PRIMARY KEY (piece_id, instrument)
);
